item_id,fable,correct_idx,correct_answer,level,thinking,run,response,thinking_content,extracted_answer,correct,confidence,confidence_category,response_length,reasoning_markers,uncertainty_markers,input_tokens,output_tokens,timestamp,benchmark
morables_630,"A fox was walking by a certain farm and saw a crowd of women who, in total silence, were eating many sumptuously roasted chickens. The fox turned to the women and said, 'What shouts there would be aga",0,A,0,False,0,"Let me analyze this fable carefully.

The fox observes women eating roasted chickens silently and complains that if *he* did the same thing, there would be great outcry and dogs would chase him. The old woman's response is key: ""We are eating those things which are ours; you take your pleasure in things that belong to others.""

The moral is about the difference between:
- What is permitted for people to do with their own property (eat their own chickens)
- What is NOT permitted for the fox to do (take pleasure in things that don't belong to him)

The fox's complaint is essentially: ""Why is it okay for you but not for me?"" The answer is: because these are yours, not someone else's.

Let me evaluate each option:

A) ""We should not conclude that we are allowed to do to other people's things what is permitted to them in their own houses."" - This directly captures the lesson. Just because someone can do something with their own property doesn't mean you can do it with others' property.

B) False friends/enemies - Not relevant to this story.

C) Silent wisdom outsmarts cunning feasts - The silence isn't really the point; the point is ownership and rights.

D) Silent malice in cunning winks - Not about malice or cunning winks.

E) Silence can mask indulgence - The silence isn't masking anything; the point is about ownership.

**Choice: A**
**Confidence: 95**

Option A directly and accurately captures the fable's lesson about the distinction between what one may do with one's own property versus what one may not do with others' property.",,A,True,95,very_high,269,1,0,304,369,2026-01-22T20:20:39.770925,morables
morables_225,"When a gnat had challenged a bull to see who was the stronger of the two, all the people came to watch the show. Then the little gnat said to the bull, 'It's enough for me that you have accepted my ch",0,A,0,False,0,"Let me analyze this fable carefully.

The key elements are:
1. A gnat challenges a bull to a strength contest
2. The bull accepts the challenge
3. The gnat claims victory simply by having the bull accept, making them ""equals""
4. The gnat shows off while the bull is powerless to do anything meaningful
5. The moral explicitly stated: ""If the bull had been mindful of his own mighty bulk, he would have dismissed this opponent as beneath contempt and the impertinent creature would not have had anything to boast about.""

The fable's lesson is that by engaging with an unworthy opponent, the bull (the stronger party) actually elevates the gnat's status and gives it something to boast about. Had the bull simply ignored the gnat as insignificant, the gnat would have had no victory to claim.

Let me evaluate each option:

A) **People who enter into contests with unworthy opponents lower their own reputation.** - This directly matches the moral. By accepting the challenge, the bull lowered itself to the gnat's level and gave the gnat credibility.

B) Education in arts - Not relevant to this story.

C) Pride invites downfall - The bull doesn't really fall; the gnat is the one being boastful.

D) Return boastful favors - Not the lesson here.

E) Pride can lead to futile contests - Partially relevant, but doesn't capture the main point about engaging with unworthy opponents.

**Choice: A**
**Confidence: 95**

The fable explicitly teaches that the bull's mistake was engaging with an unworthy opponent, which elevated the gnat's status. Option A captures this perfectly.",,A,True,95,very_high,263,2,1,317,380,2026-01-22T20:20:43.743486,morables
morables_380,"A fox and a monkey were travelling along the same road. They passed through a cemetery, and the monkey said to the fox, 'All these dead people were the freedmen of my ancestors.' The fox then said to ",0,A,0,False,0,"- Your choice: <answer>A</answer>
- Confidence: <confidence>95</confidence>

**Explanation:**

The fable directly illustrates how the monkey takes advantage of a specific circumstance to tell a lie. The fox's response explicitly points out that the monkey chose this moment precisely *because* the dead cannot contradict him. The moral is about exploiting situations where one cannot be challenged or refuted.

Option A captures this perfectly: ""Deceivers often exploit the inability of others to challenge their falsehoods.""

The other options don't fit:
- B) discusses loyalty to friends (not present in the story)
- C) is too vague about ""cunning words masking deception"" without the key element of exploiting vulnerability
- D) suggests consequences for deceivers (which aren't shown)
- E) is too generic about shared paths",,A,True,95,very_high,123,0,0,283,193,2026-01-22T20:20:47.758456,morables
morables_477,"A stag had grown thirsty and went to a spring in order to drink some water. When he saw the reflection of his body in the water, he disparaged the slenderness of his legs but revelled in the shape and",0,A,0,False,0,"Let me analyze this fable carefully.

The stag:
- Disparaged (looked down on) his slender legs
- Revelled in (took pride in) his magnificent horns
- When chased, his legs actually saved him by helping him outrun the hunters
- His horns, which he was proud of, became tangled in branches and caused his capture and death

The stag's final realization is that what he undervalued (his legs) was actually his salvation, while what he was vain about (his horns) destroyed him.

Let me evaluate each option:

A) ""What is most truly valuable is often underrated."" - This directly matches the stag's realization. His legs were underrated by him but proved most valuable.

B) ""It is often the case that people are greedy for things which they think will bring them honour, but which only result in their death and destruction."" - This is somewhat relevant but focuses on greed and honor-seeking rather than the core lesson about undervaluing what's truly useful.

C) ""Persistence outshines vanity."" - The story isn't really about persistence vs. vanity as competing virtues.

D) ""Vain deceivers often exploit the persistent inability of others to challenge their falsehoods."" - This doesn't fit the story at all.

E) ""Pride in appearances can blind us to our true strengths."" - This is close, but it's more about being blinded to strengths rather than underrating what's valuable.

Option A most precisely captures the moral: the stag underrated his legs (what is most truly valuable) while overrating his horns, and this misjudgment cost him his life.

- Your choice: <answer>A</answer>
- Your confidence: <confidence>92</confidence>",,A,True,92,very_high,264,2,0,386,400,2026-01-22T20:20:52.096204,morables
morables_694,"There was a generous Rich Man who always had a grand and open table, so he never lacked guests. This man noticed that all sorts of people came to him, and he became curious to see who were true friend",0,A,0,False,0,"Let me analyze this fable carefully.

The story shows:
1. A rich man with an open table attracts many guests
2. He tests who his true friends are by asking for serious support (joining him in a quarrel with swords)
3. Only 2 people agree; the rest make excuses
4. He identifies the 2 as true friends and the rest as freeloaders

Now let me evaluate each option:

A) ""True friends are hard to come by"" - This fits well. The story demonstrates that among many guests, only 2 proved to be true friends.

B) ""A man cannot be too careful of what he does, where the life of any creature is in question"" - This is about caution regarding life/death matters, but the fable isn't really about that moral lesson.

C) ""Generosity should not enable freeloaders"" - While freeloaders are mentioned, the story doesn't suggest the rich man should stop being generous. It's about identifying who they are, not condemning generosity.

D) ""Excuse-making people adjust their loyal beliefs based on what is profitable for them"" - This is somewhat true but awkwardly worded and doesn't capture the main point as cleanly.

E) ""Generosity attracts company, but sincerity keeps it"" - This is interesting but ""sincerity"" isn't the key differentiator shown. The test was about willingness to help in danger, not sincerity per se.

The core message is that the rich man's generosity brought many people, but when tested with a genuine need (not a profitable opportunity), only 2 proved to be true friends. This directly supports option A.

- **Choice: A**
- **Confidence: 85**",,A,True,85,very_high,265,1,0,321,390,2026-01-22T20:20:57.393014,morables
morables_655,"A Soldier who already had one excellent horse bought another that was not nearly as good, yet he took more care of the new one than the first. Everyone wondered at this, since the new horse was neithe",0,A,0,False,0,"Let me analyze this fable carefully.

The key elements are:
- A soldier has an excellent horse (established, proven)
- He buys a new horse that is inferior (not as beautiful, not as useful)
- He gives MORE care to the inferior new horse
- The explanation given: ""it's natural to be fond of the newest arrival""

The moral being illustrated is about human nature and how we treat things based on novelty rather than actual merit or worth.

Let me evaluate each option:

A) ""Everything pleases at first, but nothing pleases for long"" - This is about initial pleasure fading, but the story shows the opposite (he's giving MORE care to the new one, suggesting sustained preference for the new)

B) ""Everyone should be satisfied with their own lot in life..."" - Not really the focus of the story

C) ""Beauty fades, but usefulness endures"" - The story doesn't support this; it shows he prefers the less useful horse

D) ""The inferior word of a wicked man..."" - This doesn't match the story at all

E) ""We value what is less worthy more than what truly deserves our care"" - This directly matches the story. The soldier values and cares for the inferior horse MORE than the superior one, demonstrating that we often value things based on novelty rather than actual worth.

The fable is clearly critiquing human nature's tendency to favor the new over the proven, regardless of actual merit.

- Your choice: **E**
- Your confidence: **92**",,E,False,92,very_high,250,1,0,270,337,2026-01-22T20:21:01.253810,morables
morables_630,"A fox was walking by a certain farm and saw a crowd of women who, in total silence, were eating many sumptuously roasted chickens. The fox turned to the women and said, 'What shouts there would be aga",0,A,0,True,0,"# Analysis of the Fable

The core of this fable lies in the old woman's response to the fox. She explains that the critical difference between their situations is **ownership**:

- The women are eating **their own** chickens (lawful and permitted)
- The fox would be eating **others'** chickens (theft, not permitted)

The moral lesson is that **what is permissible to do with one's own property is not automatically permissible to do with someone else's property**. The fox's complaint ignores this fundamental distinction about rights and ownership.

**Evaluating the options:**

- **(A)** Directly captures this lesson about ownership and property rights ✓
- **(B)** About false friends/enemies—not relevant to the story
- **(C)** Focuses on silence and cunning, misses the ownership distinction
- **(D)** About silent malice—not present in the narrative
- **(E)** About silence masking feasts—misses the moral entirely

---

**Your choice: A**

**Confidence: 98**

This is a straightforward Aesopian moral about the distinction between one's own property and others' property—a fundamental principle of justice and law.","Let me analyze this fable carefully.

The story:
- A fox sees women silently eating roasted chickens
- The fox comments that if he (the fox) were to do what the women are doing, there would be outcry and dogs would howl
- An old woman responds: ""We are eating those things which are ours; you take your pleasure in things that belong to others.""

The key distinction the old woman makes:
- The women are eating their own chickens - this is lawful and permitted
- The fox would be eating others' chickens - this is theft and not permitted

The moral lesson:
- What is lawful for you to do with your own property is NOT lawful for you to do with someone else's property
- The woman's response points out that the fox's complaint is invalid because ownership matters
- Just because it's acceptable for someone to do something with their own possessions doesn't mean it's acceptable for you to do the same thing with someone else's possessions

Let me examine each option:

A) ""We should not to conclude that we are allowed to do to other people's things what is permitted to them in their own houses.""
- This directly captures the moral - ownership matters; what's permitted with one's own property isn't automatically permitted with others' property
- This matches the old woman's response perfectly

B) ""A false friend is the worst kind of enemy.""
- The fox isn't presented as a false friend; this doesn't fit the story

C) ""Silent wisdom outsmarts cunning feasts.""
- The silence of the women and the old woman's wisdom are mentioned, but this doesn't capture the core moral about ownership rights

D) ""There is as much silent malice in a cunning wink as in a word.""
- This doesn't fit; there's no mention of malice or cunning winks

E) ""Silence can mask the most indulgent of feasts.""
- This focuses on the silence and feasting, but misses the moral about ownership and rights

Option A is clearly the best answer. It directly addresses the distinction the old woman makes between eating one's own property versus others' property.


I'm very confident in this conclusion—the fable's entire point hinges on the ownership distinction, and only option A captures that principle.",A,True,98,very_high,168,0,0,333,767,2026-01-22T20:21:08.567761,morables
morables_225,"When a gnat had challenged a bull to see who was the stronger of the two, all the people came to watch the show. Then the little gnat said to the bull, 'It's enough for me that you have accepted my ch",0,A,0,True,0,"# Analysis of the Fable's Moral

The key line is: ""If the bull had been mindful of his own mighty bulk, he would have dismissed this opponent as beneath contempt and the impertinent creature would not have had anything to boast about.""

The fable teaches that by accepting the gnat's challenge, the bull—despite his superior strength—inadvertently elevated the gnat to his level. The gnat's ""victory"" wasn't in any actual contest, but rather in getting the bull to treat it as an equal opponent.

**Evaluating the options:**

- **A) Correct** - By engaging with an unworthy opponent, the bull lowered his own reputation and standing. This is precisely what the fable warns against.

- B) Irrelevant - Nothing about education or preventing want.

- C) Partially related, but not the main point - The issue isn't the bull's pride leading to downfall, but poor judgment.

- D) Unrelated - The story doesn't discuss ""returning boastful favors.""

- E) Close, but less precise - While there is a futile contest, the moral isn't primarily about pride causing it, but about engaging beneath one's station.

---

**Your choice: A**

**Confidence: 95**

Option A best captures the lesson: people diminish their own status by dignifying trivial challenges from unworthy opponents.","Let me analyze this fable carefully.

The story is about:
- A gnat challenges a bull to see who is stronger
- The gnat's victory is simply in getting the bull to accept the challenge
- This acceptance makes them ""equals"" in the gnat's view
- The bull's strength becomes irrelevant because by accepting the challenge, the bull has lowered himself to the gnat's level
- The moral lesson emphasizes that if the bull had simply ignored the gnat as beneath contempt, the gnat would have had nothing to boast about

The key lesson is: ""If the bull had been mindful of his own mighty bulk, he would have dismissed this opponent as beneath contempt and the impertinent creature would not have had anything to boast about.""

Let me evaluate each option:

A) ""People who enter into contests with unworthy opponents lower their own reputation."" - This seems to capture the essence. By accepting the challenge from an unworthy opponent (the gnat), the bull lowered his own status and reputation. This is exactly what the fable teaches.

B) ""Educate your children in those arts which are capable of preserving them from want."" - This has nothing to do with the story. Irrelevant.

C) ""Pride invites downfall."" - This doesn't quite fit. The bull doesn't fall; rather, the bull makes a mistake by accepting the challenge.

D) ""Return boastful favors and mighty favors will be bestowed on you."" - This doesn't match the story at all.

E) ""Pride can lead to futile contests."" - This is somewhat related, but it's not the main point. The bull's contest wasn't futile because of pride exactly; rather, the bull made an error in judgment.

The answer is clearly A. The moral is that by engaging with an unworthy opponent, the strong party (the bull) lowers their own standing. The gnat's entire ""victory"" comes from the bull acknowledging the challenge, which equalized them in a way. This is a lesson about not dignifying trivial challenges from lesser opponents.",A,True,95,very_high,206,1,1,346,780,2026-01-22T20:21:16.023625,morables
morables_380,"A fox and a monkey were travelling along the same road. They passed through a cemetery, and the monkey said to the fox, 'All these dead people were the freedmen of my ancestors.' The fox then said to ",0,A,0,True,0,"**Your choice: A**

**Confidence: 98**

**Reasoning:**

The fable's core message is captured in the fox's rebuke. The monkey deliberately lies about the dead being his ancestors' freedmen specifically *because* no one can contradict him—the dead cannot speak to refute the claim. The fox explicitly points this out: ""This is an opportune moment for you to tell such lies: not a single one of the people entombed in this place can rise up and refute what you say!""

This directly illustrates option A: **deceivers exploit situations where others cannot challenge their falsehoods.**

The other options don't fit:
- B mentions loyalty and acquaintances (irrelevant to the story)
- C is about disguising deception, not about exploiting vulnerability
- D predicts future consequences that don't occur in the narrative
- E about shared paths revealing intentions is too vague and doesn't capture the lesson

This is a classic Aesopian moral about how dishonest people take advantage of powerless or vulnerable targets who cannot defend themselves against lies.","Let me analyze this fable carefully.

The monkey makes a false claim about the dead people in the cemetery being ""freedmen of my ancestors."" This is clearly a lie - the monkey is making up false genealogical claims.

The fox's response is the key to understanding the moral. The fox points out that the monkey chose this moment specifically because:
1. No one can refute the monkey - the dead cannot speak or contradict
2. The monkey is exploiting the fact that those who could challenge the lie are unable to do so

So the moral is about how dishonest people take advantage of situations where they cannot be challenged or contradicted.

Let me evaluate each option:

A) ""Deceivers often exploit the inability of others to challenge their falsehoods."" - This directly matches the fable. The monkey lies about the dead being his ancestors' freedmen precisely because the dead cannot refute the claim. The fox explicitly calls this out.

B) ""Do not neglect the loyalty of old friends to please new acquaintances."" - This doesn't fit the story at all. There's no mention of choosing between friends or acquaintances.

C) ""Cunning words often mask deception."" - While there is deception in the story, this is too vague and doesn't capture the specific point about exploiting the inability to be challenged.

D) ""Those who pretend to be cunning and deceptive, sooner or later, find themselves in deep water."" - The story doesn't show any consequences befalling the monkey.

E) ""Shared paths can reveal true intentions."" - While they're on the same road, this doesn't capture the main lesson about lying when one cannot be contradicted.

The answer is clearly A. The moral is that deceivers exploit situations where they cannot be contradicted or challenged.

Confidence: Very high, around 95-98, because the fable explicitly demonstrates this lesson through the fox's response.",A,True,98,very_high,165,0,0,312,670,2026-01-22T20:21:24.453363,morables
morables_477,"A stag had grown thirsty and went to a spring in order to drink some water. When he saw the reflection of his body in the water, he disparaged the slenderness of his legs but revelled in the shape and",0,A,0,True,0,"# Analysis of the Fable's Moral

Let me work through what happens in the story:

1. The stag **disparages** (looks down upon) his thin legs
2. He **revels in** (takes pride in) his large horns
3. When chased, his **legs** enable him to outrun hunters on flat ground
4. His **horns** become tangled in branches, leading to his capture
5. He recognizes the irony: what he disliked could have saved him; what he was proud of destroyed him

**Evaluating the options:**

- **A**: Partially correct—the legs were underrated yet valuable
- **B**: Doesn't fit—the stag wasn't greedy for horns; he already had them
- **C**: No persistence theme present in the narrative
- **D**: No deception or deceivers in the story
- **E**: Excellent fit—his pride in his appearance (horns) **blinds** him to his actual **strengths** (legs). The vanity about one attribute prevents him from recognizing the practical value of another.

The core lesson is that vanity and pride in superficial attributes caused him to overlook what truly mattered for his survival. Option E directly captures this dynamic.

---

**Your choice:** <answer>E</answer>

**Confidence:** <confidence>85</confidence>

(Option A is also defensible at 75% confidence, but E more precisely addresses the role of vanity in blinding the stag to his true strengths.)","Let me analyze this fable carefully.

The stag:
1. Disparaged (criticized/looked down upon) his thin legs
2. Reveled in (took pride in) his large horns
3. Was chased by hunters
4. His thin legs actually helped him escape on flat ground
5. His horns got tangled in branches and caused his capture
6. He realizes that what he disliked (legs) could have saved him, while what he was proud of (horns) destroyed him

The moral needs to capture the key lesson. Let me evaluate each option:

A) ""What is most truly valuable is often underrated."" - This fits! The stag underrated his legs (which were actually valuable for escape) while overrating his horns (which caused his downfall). His legs were truly valuable but he didn't recognize it.

B) ""It is often the case that people are greedy for things which they think will bring them honour, but which only result in their death and destruction."" - This is somewhat related, but the focus isn't really on greed or seeking honor. The stag already had the horns, he just took pride in them. He wasn't greedy for them.

C) ""Persistence outshines vanity."" - There's no clear persistence theme in this story. It's not about persistence outshining vanity. The stag simply ran until his horns got caught.

D) ""Vain deceivers often exploit the persistent inability of others to challenge their falsehoods."" - This doesn't fit at all. There's no deception or deceivers in the story.

E) ""Pride in appearances can blind us to our true strengths."" - This is also a very good fit! The stag's pride in his appearance (the horns) blinded him to his true strength (his legs). He didn't recognize what actually mattered for his survival.

Both A and E seem good, but which is better?

Option A emphasizes that what is underrated is valuable - the legs were underrated but truly valuable.


Option E captures the core mechanism at work: vanity prevents recognition of genuine capability. The stag's admiration for his horns obscured his reliance on his legs for survival. Since the fable itself centers on this contrast between misplaced pride and overlooked strength, E more directly addresses the psychological dynamic the story illustrates.

Option A touches on the right idea but frames it more broadly as undervaluation generally, missing the specific role that pride plays in creating the blind spot. E is the stronger choice because it identifies the actual cause—vanity—rather than just the outcome.",E,False,85,very_high,209,1,1,415,998,2026-01-22T20:21:33.750552,morables
morables_694,"There was a generous Rich Man who always had a grand and open table, so he never lacked guests. This man noticed that all sorts of people came to him, and he became curious to see who were true friend",0,A,0,True,0,"# Fable Analysis

**Your choice: A**

**Confidence: 90**

## Reasoning

The fable directly demonstrates that among many regular guests attracted by the Rich Man's generosity, only **two people** proved to be genuine friends when tested by a sincere request for support. This stark contrast—many guests versus only two true friends—is the central insight of the story.

The other options, while touching on relevant themes, miss the primary moral:
- **B** is about caution in matters of life/death—not the focus here
- **C** criticizes generosity itself, but the story doesn't suggest the man shouldn't be generous
- **D** describes the hangers-on's behavior but is too specific and negative for the main lesson
- **E** adds interpretation about ""sincerity"" beyond what the text explicitly conveys

Option **A** perfectly captures the story's core teaching: the rarity of true friendship, even when surrounded by many pleasant acquaintances.","Let me analyze this fable carefully.

The Rich Man:
- Was generous and had an open table
- Never lacked for guests
- Became curious about who were true friends vs. freeloaders
- Tested his guests by mentioning a quarrel and asking who would stand by him in a physical confrontation
- Only two people stood by him
- Concluded that two were true friends and the rest were hangers-on

Now let me evaluate each option:

A) ""True friends are hard to come by."" - This directly matches the outcome. Only 2 out of many guests were true friends. This seems like the core moral.

B) ""A man cannot be too careful of what he does, where the life of any creature is in question."" - This talks about being careful regarding life and death matters, which doesn't match the story's focus on identifying true friends.

C) ""Generosity should not enable freeloaders."" - While the story does show that generosity attracted freeloaders, the moral isn't about what the rich man should have done differently. The focus is on distinguishing true friends from freeloaders, not on condemning generosity itself.

D) ""Excuse-making people adjust their loyal beliefs based on what is profitable for them."" - This describes what the hangers-on did (made excuses, wouldn't help without personal benefit), but it's a rather cynical and detailed description rather than the main moral about friendship.

E) ""Generosity attracts company, but sincerity keeps it."" - This suggests that the test of sincerity (willingness to stand by him) is what separates true friends from those who come for generosity. This is interesting but seems to add an element beyond what the story explicitly shows.

The clearest moral is A: True friends are hard to come by. The story demonstrates that out of many guests (attracted by generosity), only two proved to be true friends. That's the central lesson - when you test genuine friendship, you find it's rare.

Option E is also reasonable, but A seems more directly aligned with what the fable teaches.


A is the strongest answer here.",A,True,90,very_high,143,1,0,350,690,2026-01-22T20:21:40.802637,morables
morables_655,"A Soldier who already had one excellent horse bought another that was not nearly as good, yet he took more care of the new one than the first. Everyone wondered at this, since the new horse was neithe",0,A,0,True,0,"**Your choice: E**

**Confidence: 95**

**Reasoning:**

The fable directly demonstrates that the soldier gave more care to the inferior new horse than to his excellent original horse. The key phrase is that ""Everyone wondered at this, since the new horse was neither as beautiful nor as useful as the other.""

The moral perfectly encapsulates the human tendency to prioritize novelty (the ""newest arrival"") over what is objectively better and more deserving of our attention. The soldier valued what was ""less worthy"" (the inferior horse) more than what ""truly deserves our care"" (the excellent horse).

The other options don't fit:
- A) oversimplifies and adds an element (eventual displeasure) not shown in the story
- B) is about general life satisfaction and hardship, which isn't the point
- C) discusses beauty vs. usefulness but misses the main lesson about valuing novelty
- D) is unclear and unrelated to the fable","Let me analyze this fable carefully.

The key elements of the story:
1. A soldier had one excellent horse
2. He bought another horse that was not nearly as good
3. He took MORE care of the new horse than the first
4. Everyone wondered why, since the new horse was inferior in both beauty and usefulness
5. Someone explains: ""it's natural to be fond of the newest arrival""

The moral being illustrated is that humans tend to favor and give more attention to new things even when they are objectively inferior to what they already have.

Let me evaluate each option:

A) ""Everything pleases at first, but nothing pleases for long.""
- This suggests novelty wears off quickly, but the story doesn't really illustrate that - it just shows the soldier prefers the newer horse NOW. It doesn't suggest the novelty will fade.

B) ""Everyone should be satisfied with their own lot in life, given that disaster awaits us on every side.""
- This is about acceptance of one's circumstances and the inevitability of hardship. This doesn't match the fable at all.

C) ""Beauty fades, but usefulness endures.""
- This is about the contrast between appearance and function. The story does mention both, but the point isn't really about which lasts longer - it's about why the soldier prefers the inferior horse.

D) ""The inferior word of a wicked man can never be beautifully trusted.""
- This doesn't make sense and doesn't relate to the story at all.

E) ""We value what is less worthy more than what truly deserves our care.""
- This directly matches the fable. The soldier gives more care to the inferior horse (less worthy) than to the superior horse (what truly deserves care). This is the exact point being illustrated.

The answer is clearly E. The moral is explaining the tendency to value novelty (the new horse) more than what is objectively better and more deserving of care (the excellent horse).

I'm very confident in this answer - confidence 95.",E,False,95,very_high,149,1,1,299,675,2026-01-22T20:21:47.227393,morables
